{
  "schemas": [
    {
        "name": "KBank-unitlink",
        "header_row_index": 1,
        "columns": [
            "ลำ_ด_บ",
            "client_code_fund_code",
            "debit",
            "unnamed_3",
            "จำนวนเง_น",
            "client_code_fund_code_1",
            "credit",
            "unnamed_7",
            "จำนวนเง_น_1",
            "หมายเหต_ข_อม_ล_ss_ใช_ในการบ_นท_กบ_ญช_",
            "unnamed_10",
            "unnamed_11"
        ],
        "mapping_config": {
            "cells" : {
                "date": "B1"
            },
            "columns" : {            
                "to_account": "credit",
                "amount": "จำนวนเง_น_1"
            },  
            "ignore_rows": {
                "last_n": 1,
                "keywords": [
                    ["ยอดรวม",1]
                ]
            }
        }
    }
  ]
}