{
    "KBANK Multiple": ["CS-Smart-reconcile-KBank-Multiple-Pay-In-20260204",
                        "Multiple"],
    "SCB Multiple": ["CS-Smart-reconcile-SCB-Multiple-Pay-In-20260204",
                        "Multiple"],
    "BBL Multiple": ["CS-Smart-reconcile-BBL-Multiple-Pay-In-20260204",
                        "Multiple"],
    "BBL Single": ["CS-Smart-reconcile-BBL-Single-Pay-In",
                    "Single"],

    "LHBANK Single": ["CS-Smart-reconcile-LHBANK-Single-Pay-In",
                    "Single"],

    "KTB Multiple": ["CS-Smart-reconcile-KTB-Multiple-Pay-In",
                    "Multiple"],

    "KKP Multiple": ["CS-Smart-reconcile-KKP-Multiple-Pay-In",
                    "Multiple"],

    "BAY Multiple": ["CS-Smart-reconcile-BAY-Multiple-Pay-In",
                    "Multiple"],
    
    "GSB Multiple": ["CS-Smart-reconcile-GSB-Multiple-Pay-In-20260128",
                    "Multiple"],

    "UOB Single": ["CS-Smart-reconcile-UOB-Single-Pay-In",
                    "Single"],                

    "Slip": ["CS-Smart-reconcile-PromptPay-Slip",
            "Slip"],

    "Doc_Classifier": "CS-Smart-Reconcile-Classification-20260127"
}
