{
  "schemas": [
    {
        "name": "KKP Transaction Table Type 1",
        "table_name": "Transaction Table Type 1",
        "mapping_config": {
            "cells" : {
              "date":"Date"
            },
            "columns" : {         
                "to_account": "เลขที่บัญชี/พร้อมเพย์",
                "amount": "จำนวนเงินเข้าบัญชีปลายทาง"
            }
        }
    }
  ]
}