{
  "schemas": [
    {
        "name": "GSB Transaction Table Type 1",
        "table_name": "Transaction Table Type 1",
        "mapping_config": {
            "cells" : {
                "to_account": "Account No" 
            },
            "columns" : {       
                "date": "Date",
                "amount": "Credits"
            },
            "row_filter": {
                "enabled": true,
                "column": "Description",
                "match_type": "contains",
                "keywords": ["DDA Deposit by Cash"],
                "case_sensitive": false
            },
            "other_settings": {
                "prefer_buddhist_shorthand":true,
                "locale_hint":"th"
            }
        }
    }
  ]
}