{
  "schemas": [
    {
        "name": "SCB Transaction Table Type 1",
        "table_name": "Transaction Table Type 1",
        "mapping_config": {
            "cells" : {
                
            },
            "columns" : {    
                "date": "settle date",        
                "to_account": "Account CR.",
                "amount": "Net Amount ( THB )"
            },
            "other_settings": {
              "prefer_buddhist_shorthand": "False"
            }
        }
    }
  ]
}